{
  "requests": [
    {
      "id": "CR_001",
      "type": "MOVE",
      "sessionId": "S202_0",
      "teacherId": "14017",
      "oldData": {
        "jour": "mardi",
        "creneau": 3,
        "salle": "S21"
      },
      "newData": {
        "jour": "samedi",
        "creneau": 3,
        "salle": "S21",
        "motif": "en cours"
      },
      "status": "REJECTED",
      "submittedAt": "2026-11-01",
      "decidedAt": "2026-01-27T23:57:11Z",
      "decidedBy": "DIRECTEUR",
      "decisionReason": "Rejeté par le directeur"
    }
  ]
}