{
  "requests": [
    {
      "id": "CR_001",
      "type": "MOVE",
      "sessionId": "S202_0",
      "teacherId": "14017",
      "oldData": {
        "jour": "mardi",
        "creneau": 3,
        "salle": "S21"
      },
      "newData": {
        "jour": "samedi",
        "creneau": 3,
        "salle": "S21",
        "motif": "en cours"
      },
      "status": "REJECTED",
      "submittedAt": "2026-11-01",
      "decidedAt": "2026-01-27T23:57:11Z",
      "decidedBy": "DIRECTEUR",
      "decisionReason": "Rejeté par le directeur"
    },
    {
      "id": "CR_20260129_7f62eef8d1",
      "type": "MOVE",
      "sessionId": "S202_0",
      "teacherId": "14017",
      "oldData": {
        "jour": "mardi",
        "creneau": 3,
        "salle": "S21"
      },
      "newData": {
        "jour": "lundi",
        "creneau": 1,
        "salle": "S16",
        "motif": null
      },
      "status": "APPROVED",
      "submittedAt": "2026-01-29T15:45:31Z",
      "decidedAt": "2026-01-29T15:46:19Z",
      "decidedBy": "DIRECTEUR"
    },
    {
      "id": "CR_20260129_4ef323ca06",
      "type": "MOVE",
      "sessionId": "S202_0",
      "teacherId": "14017",
      "oldData": {
        "jour": "lundi",
        "creneau": 1,
        "salle": "S16"
      },
      "newData": {
        "jour": "mardi",
        "creneau": 3,
        "salle": "S21",
        "motif": null
      },
      "status": "SUPERSEDED",
      "submittedAt": "2026-01-29T21:54:03Z",
      "decidedAt": "2026-01-29T21:54:36Z",
      "decidedBy": "14017",
      "decisionReason": "Superseded by a newer proposal"
    },
    {
      "id": "CR_20260129_af5221c99a",
      "type": "DELETE",
      "sessionId": "S206_0",
      "teacherId": "14017",
      "oldData": {
        "jour": "jeudi",
        "creneau": 1,
        "salle": "S22"
      },
      "newData": {
        "motif": null
      },
      "status": "APPROVED",
      "submittedAt": "2026-01-29T21:57:39Z",
      "decidedAt": "2026-01-30T10:56:11Z",
      "decidedBy": "DIRECTEUR"
    },
    {
      "id": "CR_20260129_938e421e50",
      "type": "MOVE",
      "sessionId": "S202_3",
      "teacherId": "14017",
      "oldData": {
        "jour": "jeudi",
        "creneau": 2,
        "salle": "S22"
      },
      "newData": {
        "jour": "jeudi",
        "creneau": 3,
        "salle": "S11",
        "motif": null
      },
      "status": "APPROVED",
      "submittedAt": "2026-01-29T22:09:07Z",
      "decidedAt": "2026-01-30T10:56:26Z",
      "decidedBy": "DIRECTEUR"
    }
  ]
}