{
  "version": 21,
  "sessions": [
    {
      "id": "S1_T_0",
      "formateur": "14017",
      "groupe": "DEV101_DEV102_DEV106",
      "module": "DEVM101",
      "jour": "samedi",
      "creneau": 1,
      "salle": "TEAMS"
    },
    {
      "id": "S2_T_0",
      "formateur": "14017",
      "groupe": "DEV103_DEV104_DEV105",
      "module": "DEVM101",
      "jour": "samedi",
      "creneau": 2,
      "salle": "TEAMS"
    },
    {
      "id": "S1_0",
      "formateur": "10035",
      "groupe": "ID101",
      "module": "ID_M105",
      "jour": "mercredi",
      "creneau": 1,
      "salle": "S8"
    },
    {
      "id": "S2_0",
      "formateur": "10035",
      "groupe": "ID102",
      "module": "ID_M105",
      "jour": "lundi",
      "creneau": 2,
      "salle": "S8"
    },
    {
      "id": "S3_0",
      "formateur": "10035",
      "groupe": "ID103",
      "module": "ID_M105",
      "jour": "lundi",
      "creneau": 3,
      "salle": "S8"
    },
    {
      "id": "S4_0",
      "formateur": "10035",
      "groupe": "ID104",
      "module": "ID_M105",
      "jour": "mardi",
      "creneau": 2,
      "salle": "S3"
    },
    {
      "id": "S5_0",
      "formateur": "10035",
      "groupe": "ID105",
      "module": "ID_M105",
      "jour": "mercredi",
      "creneau": 4,
      "salle": "S21"
    },
    {
      "id": "S6_0",
      "formateur": "10035",
      "groupe": "IDOSR201",
      "module": "IDOSR_M202",
      "jour": "vendredi",
      "creneau": 4,
      "salle": "S5"
    },
    {
      "id": "S6_1",
      "formateur": "10035",
      "groupe": "IDOSR201",
      "module": "IDOSR_M202",
      "jour": "samedi",
      "creneau": 2,
      "salle": "S5"
    },
    {
      "id": "S7_0",
      "formateur": "10035",
      "groupe": "IDOSR202",
      "module": "IDOSR_M202",
      "jour": "vendredi",
      "creneau": 2,
      "salle": "S8"
    },
    {
      "id": "S7_1",
      "formateur": "10035",
      "groupe": "IDOSR202",
      "module": "IDOSR_M202",
      "jour": "samedi",
      "creneau": 4,
      "salle": "S5"
    },
    {
      "id": "S8_0",
      "formateur": "10035",
      "groupe": "IDOSR203",
      "module": "IDOSR_M202",
      "jour": "jeudi",
      "creneau": 3,
      "salle": "S5"
    },
    {
      "id": "S8_1",
      "formateur": "10035",
      "groupe": "IDOSR203",
      "module": "IDOSR_M202",
      "jour": "mercredi",
      "creneau": 2,
      "salle": "S4"
    },
    {
      "id": "S9_0",
      "formateur": "10346",
      "groupe": "AA103",
      "module": "AA_EGT101",
      "jour": "lundi",
      "creneau": 1,
      "salle": "S3"
    },
    {
      "id": "S10_0",
      "formateur": "10346",
      "groupe": "AA104",
      "module": "AA_EGT101",
      "jour": "jeudi",
      "creneau": 3,
      "salle": "S2"
    },
    {
      "id": "S12_0",
      "formateur": "10346",
      "groupe": "DEV102",
      "module": "DEV_EGTS101",
      "jour": "samedi",
      "creneau": 4,
      "salle": "S22"
    },
    {
      "id": "S16_0",
      "formateur": "10346",
      "groupe": "TMMC101",
      "module": "TMMC_EGT101",
      "jour": "samedi",
      "creneau": 3,
      "salle": "S22"
    },
    {
      "id": "S17_0",
      "formateur": "10658",
      "groupe": "DEV101",
      "module": "DEV_M102",
      "jour": "mardi",
      "creneau": 1,
      "salle": "S21"
    },
    {
      "id": "S17_1",
      "formateur": "10658",
      "groupe": "DEV101",
      "module": "DEV_M102",
      "jour": "mardi",
      "creneau": 2,
      "salle": "S17"
    },
    {
      "id": "S17_2",
      "formateur": "10658",
      "groupe": "DEV101",
      "module": "DEV_M102",
      "jour": "lundi",
      "creneau": 3,
      "salle": "S21"
    },
    {
      "id": "S17_3",
      "formateur": "10658",
      "groupe": "DEV101",
      "module": "DEV_M102",
      "jour": "jeudi",
      "creneau": 3,
      "salle": "S21"
    },
    {
      "id": "S19_0",
      "formateur": "10658",
      "groupe": "DEV102",
      "module": "DEV_M102",
      "jour": "jeudi",
      "creneau": 2,
      "salle": "S21"
    },
    {
      "id": "S19_1",
      "formateur": "10658",
      "groupe": "DEV102",
      "module": "DEV_M102",
      "jour": "vendredi",
      "creneau": 1,
      "salle": "S22"
    },
    {
      "id": "S19_2",
      "formateur": "10658",
      "groupe": "DEV102",
      "module": "DEV_M102",
      "jour": "vendredi",
      "creneau": 2,
      "salle": "S21"
    },
    {
      "id": "S19_3",
      "formateur": "10658",
      "groupe": "DEV102",
      "module": "DEV_M102",
      "jour": "jeudi",
      "creneau": 4,
      "salle": "S21"
    },
    {
      "id": "S21_0",
      "formateur": "10658",
      "groupe": "DEV104",
      "module": "DEV_EGTS105",
      "jour": "jeudi",
      "creneau": 1,
      "salle": "S21"
    },
    {
      "id": "S22_0",
      "formateur": "10658",
      "groupe": "DEV104",
      "module": "DEV_M102",
      "jour": "lundi",
      "creneau": 4,
      "salle": "S14"
    },
    {
      "id": "S22_1",
      "formateur": "10658",
      "groupe": "DEV104",
      "module": "DEV_M102",
      "jour": "mercredi",
      "creneau": 3,
      "salle": "S21"
    },
    {
      "id": "S22_2",
      "formateur": "10658",
      "groupe": "DEV104",
      "module": "DEV_M102",
      "jour": "mercredi",
      "creneau": 1,
      "salle": "S21"
    },
    {
      "id": "S24_0",
      "formateur": "10662",
      "groupe": "AAOG201",
      "module": "AAOG_M203",
      "jour": "jeudi",
      "creneau": 4,
      "salle": "S12"
    },
    {
      "id": "S24_1",
      "formateur": "10662",
      "groupe": "AAOG201",
      "module": "AAOG_M203",
      "jour": "mercredi",
      "creneau": 1,
      "salle": "S14"
    },
    {
      "id": "S25_0",
      "formateur": "10662",
      "groupe": "AAOG202",
      "module": "AAOG_M203",
      "jour": "lundi",
      "creneau": 1,
      "salle": "S17"
    },
    {
      "id": "S26_0",
      "formateur": "10662",
      "groupe": "COMPT201",
      "module": "COMPT_M201",
      "jour": "samedi",
      "creneau": 1,
      "salle": "S12"
    },
    {
      "id": "S26_1",
      "formateur": "10662",
      "groupe": "COMPT201",
      "module": "COMPT_M201",
      "jour": "vendredi",
      "creneau": 4,
      "salle": "S18"
    },
    {
      "id": "S27_0",
      "formateur": "10662",
      "groupe": "GEOCF203",
      "module": "GEOCF_EGTSA206",
      "jour": "samedi",
      "creneau": 2,
      "salle": "S1"
    },
    {
      "id": "S28_0",
      "formateur": "10662",
      "groupe": "GEOOM201",
      "module": "GEOOM_M204",
      "jour": "mardi",
      "creneau": 2,
      "salle": "At Mod"
    },
    {
      "id": "S28_1",
      "formateur": "10662",
      "groupe": "GEOOM201",
      "module": "GEOOM_M204",
      "jour": "mercredi",
      "creneau": 3,
      "salle": "S10"
    },
    {
      "id": "S30_0",
      "formateur": "10662",
      "groupe": "ID105",
      "module": "ID_EGTS104",
      "jour": "vendredi",
      "creneau": 3,
      "salle": "S1"
    },
    {
      "id": "S31_0",
      "formateur": "10760",
      "groupe": "IDOCC201",
      "module": "IDOCC_M205",
      "jour": "jeudi",
      "creneau": 3,
      "salle": "S8"
    },
    {
      "id": "S31_1",
      "formateur": "10760",
      "groupe": "IDOCC201",
      "module": "IDOCC_M205",
      "jour": "vendredi",
      "creneau": 4,
      "salle": "S3"
    },
    {
      "id": "S32_0",
      "formateur": "10760",
      "groupe": "IDOCC202",
      "module": "IDOCC_M205",
      "jour": "jeudi",
      "creneau": 1,
      "salle": "S3"
    },
    {
      "id": "S32_1",
      "formateur": "10760",
      "groupe": "IDOCC202",
      "module": "IDOCC_M205",
      "jour": "lundi",
      "creneau": 2,
      "salle": "S5"
    },
    {
      "id": "S33_0",
      "formateur": "10760",
      "groupe": "IDOSR201",
      "module": "IDOSR_M201",
      "jour": "lundi",
      "creneau": 4,
      "salle": "S8"
    },
    {
      "id": "S33_1",
      "formateur": "10760",
      "groupe": "IDOSR201",
      "module": "IDOSR_M201",
      "jour": "samedi",
      "creneau": 1,
      "salle": "S8"
    },
    {
      "id": "S34_0",
      "formateur": "10760",
      "groupe": "IDOSR202",
      "module": "IDOSR_M201",
      "jour": "mardi",
      "creneau": 3,
      "salle": "S4"
    },
    {
      "id": "S34_1",
      "formateur": "10760",
      "groupe": "IDOSR202",
      "module": "IDOSR_M201",
      "jour": "mardi",
      "creneau": 4,
      "salle": "S4"
    },
    {
      "id": "S35_0",
      "formateur": "10760",
      "groupe": "IDOSR203",
      "module": "IDOSR_M201",
      "jour": "samedi",
      "creneau": 3,
      "salle": "S8"
    },
    {
      "id": "S35_1",
      "formateur": "10760",
      "groupe": "IDOSR203",
      "module": "IDOSR_M201",
      "jour": "mercredi",
      "creneau": 3,
      "salle": "S8"
    },
    {
      "id": "S36_0",
      "formateur": "10760",
      "groupe": "THP201",
      "module": "THP_EGTI206",
      "jour": "vendredi",
      "creneau": 3,
      "salle": "S22"
    },
    {
      "id": "S36_1",
      "formateur": "10760",
      "groupe": "THP201",
      "module": "THP_EGTI206",
      "jour": "mercredi",
      "creneau": 4,
      "salle": "At CI"
    },
    {
      "id": "S37_0",
      "formateur": "10974",
      "groupe": "IDOCC201",
      "module": "IDOCC_M203",
      "jour": "lundi",
      "creneau": 2,
      "salle": "S4"
    },
    {
      "id": "S37_1",
      "formateur": "10974",
      "groupe": "IDOCC201",
      "module": "IDOCC_M203",
      "jour": "mercredi",
      "creneau": 4,
      "salle": "S3"
    },
    {
      "id": "S37_2",
      "formateur": "10974",
      "groupe": "IDOCC201",
      "module": "IDOCC_M203",
      "jour": "lundi",
      "creneau": 1,
      "salle": "S21"
    },
    {
      "id": "S38_0",
      "formateur": "10974",
      "groupe": "IDOCC202",
      "module": "IDOCC_M203",
      "jour": "jeudi",
      "creneau": 2,
      "salle": "S4"
    },
    {
      "id": "S38_1",
      "formateur": "10974",
      "groupe": "IDOCC202",
      "module": "IDOCC_M203",
      "jour": "vendredi",
      "creneau": 4,
      "salle": "S8"
    },
    {
      "id": "S38_2",
      "formateur": "10974",
      "groupe": "IDOCC202",
      "module": "IDOCC_M203",
      "jour": "lundi",
      "creneau": 4,
      "salle": "S3"
    },
    {
      "id": "S39_0",
      "formateur": "10974",
      "groupe": "IDOSR201",
      "module": "IDOSR_M203",
      "jour": "mardi",
      "creneau": 4,
      "salle": "S5"
    },
    {
      "id": "S39_1",
      "formateur": "10974",
      "groupe": "IDOSR201",
      "module": "IDOSR_M203",
      "jour": "samedi",
      "creneau": 4,
      "salle": "S8"
    },
    {
      "id": "S39_2",
      "formateur": "10974",
      "groupe": "IDOSR201",
      "module": "IDOSR_M203",
      "jour": "vendredi",
      "creneau": 3,
      "salle": "S3"
    },
    {
      "id": "S40_0",
      "formateur": "10974",
      "groupe": "IDOSR202",
      "module": "IDOSR_M203",
      "jour": "mercredi",
      "creneau": 2,
      "salle": "S17"
    },
    {
      "id": "S41_0",
      "formateur": "10974",
      "groupe": "IDOSR203",
      "module": "IDOSR_M203",
      "jour": "mardi",
      "creneau": 3,
      "salle": "S8"
    },
    {
      "id": "S41_1",
      "formateur": "10974",
      "groupe": "IDOSR203",
      "module": "IDOSR_M203",
      "jour": "jeudi",
      "creneau": 1,
      "salle": "S5"
    },
    {
      "id": "S42_0",
      "formateur": "10984",
      "groupe": "GEOCF201",
      "module": "GEOCF_M208",
      "jour": "lundi",
      "creneau": 4,
      "salle": "S7"
    },
    {
      "id": "S43_0",
      "formateur": "10984",
      "groupe": "GEOCF202",
      "module": "GEOCF_M208",
      "jour": "lundi",
      "creneau": 2,
      "salle": "S7"
    },
    {
      "id": "S44_0",
      "formateur": "10984",
      "groupe": "GEOCF203",
      "module": "GEOCF_M208",
      "jour": "samedi",
      "creneau": 3,
      "salle": "conference"
    },
    {
      "id": "S45_0",
      "formateur": "11121",
      "groupe": "DEVOAM201",
      "module": "DEVOAM_EGTS204",
      "jour": "lundi",
      "creneau": 2,
      "salle": "conference"
    },
    {
      "id": "S46_0",
      "formateur": "11121",
      "groupe": "DEVOAM202",
      "module": "DEVOAM_EGTS204",
      "jour": "vendredi",
      "creneau": 4,
      "salle": "S14"
    },
    {
      "id": "S47_0",
      "formateur": "11121",
      "groupe": "DEVOWFS201",
      "module": "DEVOWFS_EGTS204",
      "jour": "lundi",
      "creneau": 3,
      "salle": "S10"
    },
    {
      "id": "S48_0",
      "formateur": "11121",
      "groupe": "DEVOWFS202",
      "module": "DEVOWFS_EGTS204",
      "jour": "mercredi",
      "creneau": 4,
      "salle": "S14"
    },
    {
      "id": "S49_0",
      "formateur": "11121",
      "groupe": "DEVOWFS203",
      "module": "DEVOWFS_EGTS204",
      "jour": "jeudi",
      "creneau": 2,
      "salle": "S12"
    },
    {
      "id": "S50_0",
      "formateur": "11121",
      "groupe": "GEOCF201",
      "module": "GEOCF_EGTS204",
      "jour": "mardi",
      "creneau": 3,
      "salle": "S17"
    },
    {
      "id": "S51_0",
      "formateur": "11121",
      "groupe": "GEOCF202",
      "module": "GEOCF_EGTS204",
      "jour": "samedi",
      "creneau": 2,
      "salle": "S14"
    },
    {
      "id": "S52_0",
      "formateur": "11121",
      "groupe": "GEOCF203",
      "module": "GEOCF_EGTS204",
      "jour": "jeudi",
      "creneau": 4,
      "salle": "S16"
    },
    {
      "id": "S53_0",
      "formateur": "11422",
      "groupe": "HB101",
      "module": "HB_EGT102",
      "jour": "samedi",
      "creneau": 2,
      "salle": "S20"
    },
    {
      "id": "S55_0",
      "formateur": "11422",
      "groupe": "HB102",
      "module": "HB_EGT102",
      "jour": "lundi",
      "creneau": 2,
      "salle": "S20"
    },
    {
      "id": "S57_0",
      "formateur": "11422",
      "groupe": "HB103",
      "module": "HB_EGT102",
      "jour": "lundi",
      "creneau": 1,
      "salle": "S20"
    },
    {
      "id": "S59_0",
      "formateur": "11422",
      "groupe": "IDOCC201",
      "module": "IDOCC_EGTS202",
      "jour": "vendredi",
      "creneau": 2,
      "salle": "At CI"
    },
    {
      "id": "S60_0",
      "formateur": "11422",
      "groupe": "IDOCC202",
      "module": "IDOCC_EGTS202",
      "jour": "samedi",
      "creneau": 4,
      "salle": "S20"
    },
    {
      "id": "S62_0",
      "formateur": "11422",
      "groupe": "THI201",
      "module": "THI_EGTS202",
      "jour": "vendredi",
      "creneau": 4,
      "salle": "S20"
    },
    {
      "id": "S69_0",
      "formateur": "11712",
      "groupe": "DEV103",
      "module": "DEV_EGTS103",
      "jour": "lundi",
      "creneau": 3,
      "salle": "S22"
    },
    {
      "id": "S70_0",
      "formateur": "11712",
      "groupe": "DEV104",
      "module": "DEV_EGTS103",
      "jour": "jeudi",
      "creneau": 4,
      "salle": "S10"
    },
    {
      "id": "S73_0",
      "formateur": "11712",
      "groupe": "DEVOWFS203",
      "module": "DEVOWFS_EGTS203",
      "jour": "samedi",
      "creneau": 4,
      "salle": "At Mod"
    },
    {
      "id": "S77_0",
      "formateur": "11712",
      "groupe": "IDOSR201",
      "module": "IDOSR_EGTS203",
      "jour": "jeudi",
      "creneau": 3,
      "salle": "S12"
    },
    {
      "id": "S78_0",
      "formateur": "11712",
      "groupe": "IDOSR202",
      "module": "IDOSR_EGTS203",
      "jour": "vendredi",
      "creneau": 3,
      "salle": "S18"
    },
    {
      "id": "S79_0",
      "formateur": "11712",
      "groupe": "IDOSR203",
      "module": "IDOSR_EGTS203",
      "jour": "samedi",
      "creneau": 2,
      "salle": "S11"
    },
    {
      "id": "S80_0",
      "formateur": "11845",
      "groupe": "AA101",
      "module": "AA_M104",
      "jour": "jeudi",
      "creneau": 2,
      "salle": "S13"
    },
    {
      "id": "S80_1",
      "formateur": "11845",
      "groupe": "AA101",
      "module": "AA_M104",
      "jour": "vendredi",
      "creneau": 4,
      "salle": "S17"
    },
    {
      "id": "S82_0",
      "formateur": "11845",
      "groupe": "AA102",
      "module": "AA_M104",
      "jour": "samedi",
      "creneau": 4,
      "salle": "S14"
    },
    {
      "id": "S82_1",
      "formateur": "11845",
      "groupe": "AA102",
      "module": "AA_M104",
      "jour": "mardi",
      "creneau": 2,
      "salle": "S18"
    },
    {
      "id": "S82_2",
      "formateur": "11845",
      "groupe": "AA102",
      "module": "AA_M104",
      "jour": "mercredi",
      "creneau": 1,
      "salle": "S17"
    },
    {
      "id": "S84_0",
      "formateur": "11845",
      "groupe": "AA103",
      "module": "AA_M104",
      "jour": "mardi",
      "creneau": 1,
      "salle": "S18"
    },
    {
      "id": "S84_1",
      "formateur": "11845",
      "groupe": "AA103",
      "module": "AA_M104",
      "jour": "mercredi",
      "creneau": 4,
      "salle": "At Mod"
    },
    {
      "id": "S84_2",
      "formateur": "11845",
      "groupe": "AA103",
      "module": "AA_M104",
      "jour": "mercredi",
      "creneau": 3,
      "salle": "S14"
    },
    {
      "id": "S86_0",
      "formateur": "11845",
      "groupe": "AAOG201",
      "module": "AAOG_M202",
      "jour": "samedi",
      "creneau": 3,
      "salle": "S14"
    },
    {
      "id": "S86_1",
      "formateur": "11845",
      "groupe": "AAOG201",
      "module": "AAOG_M202",
      "jour": "vendredi",
      "creneau": 3,
      "salle": "conference"
    },
    {
      "id": "S87_0",
      "formateur": "11845",
      "groupe": "AAOG202",
      "module": "AAOG_M202",
      "jour": "jeudi",
      "creneau": 1,
      "salle": "At Rep"
    },
    {
      "id": "S87_1",
      "formateur": "11845",
      "groupe": "AAOG202",
      "module": "AAOG_M202",
      "jour": "lundi",
      "creneau": 2,
      "salle": "S16"
    },
    {
      "id": "S88_0",
      "formateur": "12198",
      "groupe": "AAOC201",
      "module": "AAOC_M202",
      "jour": "samedi",
      "creneau": 4,
      "salle": "S11"
    },
    {
      "id": "S88_1",
      "formateur": "12198",
      "groupe": "AAOC201",
      "module": "AAOC_M202",
      "jour": "mercredi",
      "creneau": 4,
      "salle": "S17"
    },
    {
      "id": "S89_0",
      "formateur": "12198",
      "groupe": "AAOC202",
      "module": "AAOC_M202",
      "jour": "vendredi",
      "creneau": 4,
      "salle": "S12"
    },
    {
      "id": "S89_1",
      "formateur": "12198",
      "groupe": "AAOC202",
      "module": "AAOC_M202",
      "jour": "lundi",
      "creneau": 3,
      "salle": "S16"
    },
    {
      "id": "S90_0",
      "formateur": "12198",
      "groupe": "AAOC203",
      "module": "AAOC_M202",
      "jour": "mercredi",
      "creneau": 3,
      "salle": "S7"
    },
    {
      "id": "S90_1",
      "formateur": "12198",
      "groupe": "AAOC203",
      "module": "AAOC_M202",
      "jour": "vendredi",
      "creneau": 2,
      "salle": "conference"
    },
    {
      "id": "S91_0",
      "formateur": "12198",
      "groupe": "GE104",
      "module": "GE_M102",
      "jour": "lundi",
      "creneau": 4,
      "salle": "S22"
    },
    {
      "id": "S91_1",
      "formateur": "12198",
      "groupe": "GE104",
      "module": "GE_M102",
      "jour": "mardi",
      "creneau": 4,
      "salle": "S13"
    },
    {
      "id": "S92_0",
      "formateur": "12198",
      "groupe": "GE105",
      "module": "GE_M102",
      "jour": "jeudi",
      "creneau": 3,
      "salle": "S13"
    },
    {
      "id": "S92_1",
      "formateur": "12198",
      "groupe": "GE105",
      "module": "GE_M102",
      "jour": "mardi",
      "creneau": 2,
      "salle": "S12"
    },
    {
      "id": "S93_0",
      "formateur": "12198",
      "groupe": "GE106",
      "module": "GE_M102",
      "jour": "jeudi",
      "creneau": 2,
      "salle": "S16"
    },
    {
      "id": "S93_1",
      "formateur": "12198",
      "groupe": "GE106",
      "module": "GE_M102",
      "jour": "samedi",
      "creneau": 3,
      "salle": "S13"
    },
    {
      "id": "S94_0",
      "formateur": "12321",
      "groupe": "HB103",
      "module": "HB_M114",
      "jour": "samedi",
      "creneau": 1,
      "salle": "At THP"
    },
    {
      "id": "S94_1",
      "formateur": "12321",
      "groupe": "HB103",
      "module": "HB_M114",
      "jour": "mardi",
      "creneau": 2,
      "salle": "At THP"
    },
    {
      "id": "S94_2",
      "formateur": "12321",
      "groupe": "HB103",
      "module": "HB_M114",
      "jour": "lundi",
      "creneau": 2,
      "salle": "At THP"
    },
    {
      "id": "S94_3",
      "formateur": "12321",
      "groupe": "HB103",
      "module": "HB_M114",
      "jour": "lundi",
      "creneau": 4,
      "salle": "At THP"
    },
    {
      "id": "S95_0",
      "formateur": "12326",
      "groupe": "COMPT301",
      "module": "COMPT_M311",
      "jour": "samedi",
      "creneau": 4,
      "salle": "S17"
    },
    {
      "id": "S95_1",
      "formateur": "12326",
      "groupe": "COMPT301",
      "module": "COMPT_M311",
      "jour": "lundi",
      "creneau": 4,
      "salle": "S2"
    },
    {
      "id": "S95_2",
      "formateur": "12326",
      "groupe": "COMPT301",
      "module": "COMPT_M311",
      "jour": "mercredi",
      "creneau": 3,
      "salle": "S9"
    },
    {
      "id": "S95_3",
      "formateur": "12326",
      "groupe": "COMPT301",
      "module": "COMPT_M311",
      "jour": "mardi",
      "creneau": 3,
      "salle": "At Mod"
    },
    {
      "id": "S96_0",
      "formateur": "12326",
      "groupe": "GEOCF201",
      "module": "GEOCF_M201",
      "jour": "samedi",
      "creneau": 3,
      "salle": "S11"
    },
    {
      "id": "S96_1",
      "formateur": "12326",
      "groupe": "GEOCF201",
      "module": "GEOCF_M201",
      "jour": "vendredi",
      "creneau": 2,
      "salle": "S10"
    },
    {
      "id": "S98_0",
      "formateur": "12326",
      "groupe": "GEOCF202",
      "module": "GEOCF_M201",
      "jour": "mercredi",
      "creneau": 1,
      "salle": "S12"
    },
    {
      "id": "S98_1",
      "formateur": "12326",
      "groupe": "GEOCF202",
      "module": "GEOCF_M201",
      "jour": "vendredi",
      "creneau": 4,
      "salle": "S16"
    },
    {
      "id": "S100_0",
      "formateur": "12326",
      "groupe": "GEOCF203",
      "module": "GEOCF_M201",
      "jour": "jeudi",
      "creneau": 3,
      "salle": "S14"
    },
    {
      "id": "S100_1",
      "formateur": "12326",
      "groupe": "GEOCF203",
      "module": "GEOCF_M201",
      "jour": "lundi",
      "creneau": 2,
      "salle": "S14"
    },
    {
      "id": "S102_0",
      "formateur": "12337",
      "groupe": "GE101",
      "module": "GE_EGTS102",
      "jour": "vendredi",
      "creneau": 2,
      "salle": "S13"
    },
    {
      "id": "S104_0",
      "formateur": "12337",
      "groupe": "GE102",
      "module": "GE_EGTS102",
      "jour": "samedi",
      "creneau": 3,
      "salle": "S10"
    },
    {
      "id": "S111_0",
      "formateur": "12337",
      "groupe": "GEOCM201",
      "module": "GEOCM_EGTS202",
      "jour": "mardi",
      "creneau": 2,
      "salle": "conference"
    },
    {
      "id": "S113_0",
      "formateur": "12337",
      "groupe": "GEOCM202",
      "module": "GEOCM_EGTS202",
      "jour": "samedi",
      "creneau": 2,
      "salle": "At THP"
    },
    {
      "id": "S115_0",
      "formateur": "12337",
      "groupe": "GEOCM203",
      "module": "GEOCM_EGTS202",
      "jour": "jeudi",
      "creneau": 2,
      "salle": "S11"
    },
    {
      "id": "S117_0",
      "formateur": "12337",
      "groupe": "GEOCM204",
      "module": "GEOCM_EGTS202",
      "jour": "mardi",
      "creneau": 3,
      "salle": "At Rep"
    },
    {
      "id": "S120_0",
      "formateur": "12415",
      "groupe": "ID101",
      "module": "ID_M104",
      "jour": "mardi",
      "creneau": 1,
      "salle": "S3"
    },
    {
      "id": "S120_1",
      "formateur": "12415",
      "groupe": "ID101",
      "module": "ID_M104",
      "jour": "samedi",
      "creneau": 4,
      "salle": "S4"
    },
    {
      "id": "S120_2",
      "formateur": "12415",
      "groupe": "ID101",
      "module": "ID_M104",
      "jour": "mardi",
      "creneau": 2,
      "salle": "S8"
    },
    {
      "id": "S120_3",
      "formateur": "12415",
      "groupe": "ID101",
      "module": "ID_M104",
      "jour": "mercredi",
      "creneau": 2,
      "salle": "S5"
    },
    {
      "id": "S121_0",
      "formateur": "12415",
      "groupe": "ID102",
      "module": "ID_M104",
      "jour": "lundi",
      "creneau": 4,
      "salle": "S5"
    },
    {
      "id": "S121_1",
      "formateur": "12415",
      "groupe": "ID102",
      "module": "ID_M104",
      "jour": "lundi",
      "creneau": 3,
      "salle": "S5"
    },
    {
      "id": "S121_2",
      "formateur": "12415",
      "groupe": "ID102",
      "module": "ID_M104",
      "jour": "vendredi",
      "creneau": 3,
      "salle": "S5"
    },
    {
      "id": "S121_3",
      "formateur": "12415",
      "groupe": "ID102",
      "module": "ID_M104",
      "jour": "samedi",
      "creneau": 3,
      "salle": "S4"
    },
    {
      "id": "S122_0",
      "formateur": "12415",
      "groupe": "ID103",
      "module": "ID_M104",
      "jour": "vendredi",
      "creneau": 2,
      "salle": "S4"
    },
    {
      "id": "S122_1",
      "formateur": "12415",
      "groupe": "ID103",
      "module": "ID_M104",
      "jour": "jeudi",
      "creneau": 2,
      "salle": "S5"
    },
    {
      "id": "S122_2",
      "formateur": "12415",
      "groupe": "ID103",
      "module": "ID_M104",
      "jour": "mercredi",
      "creneau": 4,
      "salle": "S5"
    },
    {
      "id": "S123_0",
      "formateur": "13133",
      "groupe": "AAOC201",
      "module": "AAOC_EGT202",
      "jour": "mercredi",
      "creneau": 2,
      "salle": "S18"
    },
    {
      "id": "S125_0",
      "formateur": "13133",
      "groupe": "AAOC202",
      "module": "AAOC_EGT202",
      "jour": "lundi",
      "creneau": 2,
      "salle": "S18"
    },
    {
      "id": "S128_0",
      "formateur": "13133",
      "groupe": "ID101",
      "module": "ID_EGTS102",
      "jour": "samedi",
      "creneau": 2,
      "salle": "S17"
    },
    {
      "id": "S130_0",
      "formateur": "13133",
      "groupe": "ID102",
      "module": "ID_EGTS102",
      "jour": "mardi",
      "creneau": 2,
      "salle": "S2"
    },
    {
      "id": "S132_0",
      "formateur": "13133",
      "groupe": "ID103",
      "module": "ID_EGTS102",
      "jour": "vendredi",
      "creneau": 4,
      "salle": "S7"
    },
    {
      "id": "S136_0",
      "formateur": "13133",
      "groupe": "IDOSR201",
      "module": "IDOSR_EGTS202",
      "jour": "jeudi",
      "creneau": 4,
      "salle": "S22"
    },
    {
      "id": "S138_0",
      "formateur": "13133",
      "groupe": "IDOSR202",
      "module": "IDOSR_EGTS202",
      "jour": "jeudi",
      "creneau": 2,
      "salle": "S17"
    },
    {
      "id": "S140_0",
      "formateur": "13133",
      "groupe": "IDOSR203",
      "module": "IDOSR_EGTS202",
      "jour": "vendredi",
      "creneau": 3,
      "salle": "At Rep"
    },
    {
      "id": "S142_0",
      "formateur": "13155",
      "groupe": "DEV101",
      "module": "DEV_M104",
      "jour": "samedi",
      "creneau": 3,
      "salle": "S15"
    },
    {
      "id": "S142_1",
      "formateur": "13155",
      "groupe": "DEV101",
      "module": "DEV_M104",
      "jour": "mercredi",
      "creneau": 3,
      "salle": "S15"
    },
    {
      "id": "S144_0",
      "formateur": "13155",
      "groupe": "DEV102",
      "module": "DEV_M104",
      "jour": "lundi",
      "creneau": 3,
      "salle": "S15"
    },
    {
      "id": "S144_1",
      "formateur": "13155",
      "groupe": "DEV102",
      "module": "DEV_M104",
      "jour": "vendredi",
      "creneau": 4,
      "salle": "S15"
    },
    {
      "id": "S144_2",
      "formateur": "13155",
      "groupe": "DEV102",
      "module": "DEV_M104",
      "jour": "mercredi",
      "creneau": 4,
      "salle": "S15"
    },
    {
      "id": "S146_0",
      "formateur": "13155",
      "groupe": "DEV103",
      "module": "DEV_EGTS105",
      "jour": "vendredi",
      "creneau": 1,
      "salle": "S20"
    },
    {
      "id": "S147_0",
      "formateur": "13155",
      "groupe": "DEV103",
      "module": "DEV_M104",
      "jour": "jeudi",
      "creneau": 4,
      "salle": "S15"
    },
    {
      "id": "S147_1",
      "formateur": "13155",
      "groupe": "DEV103",
      "module": "DEV_M104",
      "jour": "mardi",
      "creneau": 2,
      "salle": "S15"
    },
    {
      "id": "S149_0",
      "formateur": "13155",
      "groupe": "DEV104",
      "module": "DEV_M104",
      "jour": "jeudi",
      "creneau": 2,
      "salle": "S15"
    },
    {
      "id": "S149_1",
      "formateur": "13155",
      "groupe": "DEV104",
      "module": "DEV_M104",
      "jour": "vendredi",
      "creneau": 2,
      "salle": "S15"
    },
    {
      "id": "S151_0",
      "formateur": "13243",
      "groupe": "GE101",
      "module": "GE_M103",
      "jour": "mardi",
      "creneau": 4,
      "salle": "At Mod"
    },
    {
      "id": "S151_1",
      "formateur": "13243",
      "groupe": "GE101",
      "module": "GE_M103",
      "jour": "samedi",
      "creneau": 2,
      "salle": "S13"
    },
    {
      "id": "S153_0",
      "formateur": "13243",
      "groupe": "GE102",
      "module": "GE_M103",
      "jour": "samedi",
      "creneau": 1,
      "salle": "S5"
    },
    {
      "id": "S153_1",
      "formateur": "13243",
      "groupe": "GE102",
      "module": "GE_M103",
      "jour": "lundi",
      "creneau": 1,
      "salle": "S14"
    },
    {
      "id": "S153_2",
      "formateur": "13243",
      "groupe": "GE102",
      "module": "GE_M103",
      "jour": "mercredi",
      "creneau": 4,
      "salle": "S20"
    },
    {
      "id": "S155_0",
      "formateur": "13243",
      "groupe": "GE103",
      "module": "GE_M103",
      "jour": "jeudi",
      "creneau": 4,
      "salle": "S9"
    },
    {
      "id": "S155_1",
      "formateur": "13243",
      "groupe": "GE103",
      "module": "GE_M103",
      "jour": "jeudi",
      "creneau": 3,
      "salle": "S22"
    },
    {
      "id": "S157_0",
      "formateur": "13243",
      "groupe": "GE104",
      "module": "GE_M101",
      "jour": "lundi",
      "creneau": 3,
      "salle": "conference"
    },
    {
      "id": "S159_0",
      "formateur": "13243",
      "groupe": "GE105",
      "module": "GE_M103",
      "jour": "vendredi",
      "creneau": 2,
      "salle": "S17"
    },
    {
      "id": "S161_0",
      "formateur": "13243",
      "groupe": "GE106",
      "module": "GE_M103",
      "jour": "vendredi",
      "creneau": 3,
      "salle": "S20"
    },
    {
      "id": "S163_0",
      "formateur": "13426",
      "groupe": "GEOCM201",
      "module": "GEOCM_M209",
      "jour": "mercredi",
      "creneau": 2,
      "salle": "S9"
    },
    {
      "id": "S163_1",
      "formateur": "13426",
      "groupe": "GEOCM201",
      "module": "GEOCM_M209",
      "jour": "mardi",
      "creneau": 4,
      "salle": "S2"
    },
    {
      "id": "S163_2",
      "formateur": "13426",
      "groupe": "GEOCM201",
      "module": "GEOCM_M209",
      "jour": "lundi",
      "creneau": 3,
      "salle": "S17"
    },
    {
      "id": "S165_0",
      "formateur": "13426",
      "groupe": "GEOCM202",
      "module": "GEOCM_M209",
      "jour": "vendredi",
      "creneau": 2,
      "salle": "S14"
    },
    {
      "id": "S165_1",
      "formateur": "13426",
      "groupe": "GEOCM202",
      "module": "GEOCM_M209",
      "jour": "jeudi",
      "creneau": 2,
      "salle": "S1"
    },
    {
      "id": "S165_2",
      "formateur": "13426",
      "groupe": "GEOCM202",
      "module": "GEOCM_M209",
      "jour": "jeudi",
      "creneau": 4,
      "salle": "S11"
    },
    {
      "id": "S167_0",
      "formateur": "13426",
      "groupe": "GEOCM203",
      "module": "GEOCM_M209",
      "jour": "samedi",
      "creneau": 2,
      "salle": "S22"
    },
    {
      "id": "S167_1",
      "formateur": "13426",
      "groupe": "GEOCM203",
      "module": "GEOCM_M209",
      "jour": "mardi",
      "creneau": 3,
      "salle": "S16"
    },
    {
      "id": "S169_0",
      "formateur": "13426",
      "groupe": "GEOCM204",
      "module": "GEOCM_M209",
      "jour": "lundi",
      "creneau": 4,
      "salle": "S9"
    },
    {
      "id": "S169_1",
      "formateur": "13426",
      "groupe": "GEOCM204",
      "module": "GEOCM_M209",
      "jour": "samedi",
      "creneau": 4,
      "salle": "S1"
    },
    {
      "id": "S171_0",
      "formateur": "13580",
      "groupe": "COMPT301",
      "module": "COMPT_M307",
      "jour": "jeudi",
      "creneau": 1,
      "salle": "S10"
    },
    {
      "id": "S171_1",
      "formateur": "13580",
      "groupe": "COMPT301",
      "module": "COMPT_M307",
      "jour": "samedi",
      "creneau": 3,
      "salle": "S16"
    },
    {
      "id": "S172_0",
      "formateur": "13580",
      "groupe": "GE104",
      "module": "GE_M104",
      "jour": "mardi",
      "creneau": 3,
      "salle": "S12"
    },
    {
      "id": "S172_1",
      "formateur": "13580",
      "groupe": "GE104",
      "module": "GE_M104",
      "jour": "samedi",
      "creneau": 4,
      "salle": "conference"
    },
    {
      "id": "S172_2",
      "formateur": "13580",
      "groupe": "GE104",
      "module": "GE_M104",
      "jour": "samedi",
      "creneau": 1,
      "salle": "S19"
    },
    {
      "id": "S174_0",
      "formateur": "13580",
      "groupe": "GEOCF201",
      "module": "GEOCF_M202",
      "jour": "jeudi",
      "creneau": 3,
      "salle": "S6"
    },
    {
      "id": "S176_0",
      "formateur": "13580",
      "groupe": "GEOCF202",
      "module": "GEOCF_M202",
      "jour": "mercredi",
      "creneau": 2,
      "salle": "S7"
    },
    {
      "id": "S176_1",
      "formateur": "13580",
      "groupe": "GEOCF202",
      "module": "GEOCF_M202",
      "jour": "lundi",
      "creneau": 3,
      "salle": "S14"
    },
    {
      "id": "S178_0",
      "formateur": "13580",
      "groupe": "GEOCF203",
      "module": "GEOCF_M202",
      "jour": "vendredi",
      "creneau": 2,
      "salle": "S2"
    },
    {
      "id": "S180_0",
      "formateur": "13582",
      "groupe": "GEOCM201",
      "module": "GEOCM_M205",
      "jour": "vendredi",
      "creneau": 1,
      "salle": "S5"
    },
    {
      "id": "S180_1",
      "formateur": "13582",
      "groupe": "GEOCM201",
      "module": "GEOCM_M205",
      "jour": "samedi",
      "creneau": 4,
      "salle": "S13"
    },
    {
      "id": "S182_0",
      "formateur": "13582",
      "groupe": "GEOCM202",
      "module": "GEOCM_M205",
      "jour": "jeudi",
      "creneau": 3,
      "salle": "S20"
    },
    {
      "id": "S182_1",
      "formateur": "13582",
      "groupe": "GEOCM202",
      "module": "GEOCM_M205",
      "jour": "mardi",
      "creneau": 2,
      "salle": "S14"
    },
    {
      "id": "S184_0",
      "formateur": "13582",
      "groupe": "GEOCM203",
      "module": "GEOCM_M205",
      "jour": "lundi",
      "creneau": 3,
      "salle": "S11"
    },
    {
      "id": "S184_1",
      "formateur": "13582",
      "groupe": "GEOCM203",
      "module": "GEOCM_M205",
      "jour": "vendredi",
      "creneau": 2,
      "salle": "At Rep"
    },
    {
      "id": "S184_2",
      "formateur": "13582",
      "groupe": "GEOCM203",
      "module": "GEOCM_M205",
      "jour": "jeudi",
      "creneau": 1,
      "salle": "S8"
    },
    {
      "id": "S186_0",
      "formateur": "13582",
      "groupe": "GEOCM204",
      "module": "GEOCM_M205",
      "jour": "samedi",
      "creneau": 3,
      "salle": "At Mod"
    },
    {
      "id": "S186_1",
      "formateur": "13582",
      "groupe": "GEOCM204",
      "module": "GEOCM_M205",
      "jour": "mercredi",
      "creneau": 3,
      "salle": "S20"
    },
    {
      "id": "S186_2",
      "formateur": "13582",
      "groupe": "GEOCM204",
      "module": "GEOCM_M205",
      "jour": "mercredi",
      "creneau": 4,
      "salle": "conference"
    },
    {
      "id": "S188_0",
      "formateur": "13587",
      "groupe": "GEOCM201",
      "module": "GEOCM_EGTS203",
      "jour": "lundi",
      "creneau": 2,
      "salle": "S10"
    },
    {
      "id": "S189_0",
      "formateur": "13587",
      "groupe": "GEOCM202",
      "module": "GEOCM_EGTS203",
      "jour": "samedi",
      "creneau": 3,
      "salle": "S17"
    },
    {
      "id": "S190_0",
      "formateur": "13587",
      "groupe": "HB102",
      "module": "HB_EGT103",
      "jour": "mardi",
      "creneau": 2,
      "salle": "S9"
    },
    {
      "id": "S191_0",
      "formateur": "13587",
      "groupe": "HB103",
      "module": "HB_EGT103",
      "jour": "mercredi",
      "creneau": 4,
      "salle": "S6"
    },
    {
      "id": "S194_0",
      "formateur": "13587",
      "groupe": "TMMC101",
      "module": "TMMC_EGTS103",
      "jour": "jeudi",
      "creneau": 1,
      "salle": "S13"
    },
    {
      "id": "S196_0",
      "formateur": "13801",
      "groupe": "AA104",
      "module": "AA_M103",
      "jour": "samedi",
      "creneau": 2,
      "salle": "S7"
    },
    {
      "id": "S196_1",
      "formateur": "13801",
      "groupe": "AA104",
      "module": "AA_M103",
      "jour": "samedi",
      "creneau": 1,
      "salle": "S3"
    },
    {
      "id": "S197_0",
      "formateur": "13801",
      "groupe": "AA104",
      "module": "AA_M104",
      "jour": "vendredi",
      "creneau": 2,
      "salle": "At TMMC"
    },
    {
      "id": "S197_1",
      "formateur": "13801",
      "groupe": "AA104",
      "module": "AA_M104",
      "jour": "jeudi",
      "creneau": 4,
      "salle": "S14"
    },
    {
      "id": "S197_2",
      "formateur": "13801",
      "groupe": "AA104",
      "module": "AA_M104",
      "jour": "lundi",
      "creneau": 1,
      "salle": "S19"
    },
    {
      "id": "S199_0",
      "formateur": "13801",
      "groupe": "AA105",
      "module": "AA_M103",
      "jour": "mercredi",
      "creneau": 3,
      "salle": "S11"
    },
    {
      "id": "S199_1",
      "formateur": "13801",
      "groupe": "AA105",
      "module": "AA_M103",
      "jour": "mercredi",
      "creneau": 2,
      "salle": "S11"
    },
    {
      "id": "S200_0",
      "formateur": "13801",
      "groupe": "AA105",
      "module": "AA_M104",
      "jour": "vendredi",
      "creneau": 3,
      "salle": "S17"
    },
    {
      "id": "S200_1",
      "formateur": "13801",
      "groupe": "AA105",
      "module": "AA_M104",
      "jour": "lundi",
      "creneau": 2,
      "salle": "At TMMC"
    },
    {
      "id": "S200_2",
      "formateur": "13801",
      "groupe": "AA105",
      "module": "AA_M104",
      "jour": "jeudi",
      "creneau": 3,
      "salle": "S17"
    },
    {
      "id": "S202_0",
      "formateur": "14017",
      "groupe": "DEV103",
      "module": "DEV_M102",
      "jour": "lundi",
      "creneau": 1,
      "salle": "S16"
    },
    {
      "id": "S202_1",
      "formateur": "14017",
      "groupe": "DEV103",
      "module": "DEV_M102",
      "jour": "mercredi",
      "creneau": 1,
      "salle": "S11"
    },
    {
      "id": "S202_2",
      "formateur": "14017",
      "groupe": "DEV103",
      "module": "DEV_M102",
      "jour": "lundi",
      "creneau": 4,
      "salle": "S21"
    },
    {
      "id": "S202_3",
      "formateur": "14017",
      "groupe": "DEV103",
      "module": "DEV_M102",
      "jour": "jeudi",
      "creneau": 3,
      "salle": "S11"
    },
    {
      "id": "S204_0",
      "formateur": "14017",
      "groupe": "DEVOAM201",
      "module": "DEVOAM_M202",
      "jour": "mardi",
      "creneau": 4,
      "salle": "S21"
    },
    {
      "id": "S204_1",
      "formateur": "14017",
      "groupe": "DEVOAM201",
      "module": "DEVOAM_M202",
      "jour": "lundi",
      "creneau": 3,
      "salle": "conference"
    },
    {
      "id": "S208_0",
      "formateur": "14017",
      "groupe": "DEVOWFS203",
      "module": "DEVOWFS_M202",
      "jour": "mercredi",
      "creneau": 2,
      "salle": "S20"
    },
    {
      "id": "S209_0",
      "formateur": "14039",
      "groupe": "ID101",
      "module": "ID_M103",
      "jour": "jeudi",
      "creneau": 1,
      "salle": "S4"
    },
    {
      "id": "S209_1",
      "formateur": "14039",
      "groupe": "ID101",
      "module": "ID_M103",
      "jour": "vendredi",
      "creneau": 3,
      "salle": "S4"
    },
    {
      "id": "S209_2",
      "formateur": "14039",
      "groupe": "ID101",
      "module": "ID_M103",
      "jour": "lundi",
      "creneau": 4,
      "salle": "S4"
    },
    {
      "id": "S211_0",
      "formateur": "14039",
      "groupe": "ID102",
      "module": "ID_M103",
      "jour": "mercredi",
      "creneau": 4,
      "salle": "S4"
    },
    {
      "id": "S211_1",
      "formateur": "14039",
      "groupe": "ID102",
      "module": "ID_M103",
      "jour": "jeudi",
      "creneau": 3,
      "salle": "S4"
    },
    {
      "id": "S213_0",
      "formateur": "14039",
      "groupe": "ID102",
      "module": "ID_M104",
      "jour": "samedi",
      "creneau": 1,
      "salle": "S4"
    },
    {
      "id": "S214_0",
      "formateur": "14039",
      "groupe": "ID104",
      "module": "ID_M104",
      "jour": "samedi",
      "creneau": 2,
      "salle": "S4"
    },
    {
      "id": "S214_1",
      "formateur": "14039",
      "groupe": "ID104",
      "module": "ID_M104",
      "jour": "vendredi",
      "creneau": 4,
      "salle": "S4"
    },
    {
      "id": "S214_2",
      "formateur": "14039",
      "groupe": "ID104",
      "module": "ID_M104",
      "jour": "mardi",
      "creneau": 1,
      "salle": "S4"
    },
    {
      "id": "S216_0",
      "formateur": "14039",
      "groupe": "ID105",
      "module": "ID_M104",
      "jour": "lundi",
      "creneau": 3,
      "salle": "S4"
    },
    {
      "id": "S216_1",
      "formateur": "14039",
      "groupe": "ID105",
      "module": "ID_M104",
      "jour": "lundi",
      "creneau": 2,
      "salle": "S1"
    },
    {
      "id": "S218_0",
      "formateur": "14039",
      "groupe": "ID105",
      "module": "ID_M105",
      "jour": "mercredi",
      "creneau": 3,
      "salle": "S4"
    },
    {
      "id": "S219_0",
      "formateur": "14159",
      "groupe": "DEVOWFS201",
      "module": "DEVOWFS_EGTS205",
      "jour": "vendredi",
      "creneau": 1,
      "salle": "S8"
    },
    {
      "id": "S220_0",
      "formateur": "14159",
      "groupe": "DEVOWFS201",
      "module": "DEVOWFS_M204",
      "jour": "jeudi",
      "creneau": 4,
      "salle": "S19"
    },
    {
      "id": "S220_1",
      "formateur": "14159",
      "groupe": "DEVOWFS201",
      "module": "DEVOWFS_M204",
      "jour": "mercredi",
      "creneau": 3,
      "salle": "S19"
    },
    {
      "id": "S220_2",
      "formateur": "14159",
      "groupe": "DEVOWFS201",
      "module": "DEVOWFS_M204",
      "jour": "mardi",
      "creneau": 1,
      "salle": "S19"
    },
    {
      "id": "S222_0",
      "formateur": "14159",
      "groupe": "DEVOWFS202",
      "module": "DEVOWFS_M204",
      "jour": "mardi",
      "creneau": 3,
      "salle": "S19"
    },
    {
      "id": "S222_1",
      "formateur": "14159",
      "groupe": "DEVOWFS202",
      "module": "DEVOWFS_M204",
      "jour": "samedi",
      "creneau": 2,
      "salle": "S19"
    },
    {
      "id": "S222_2",
      "formateur": "14159",
      "groupe": "DEVOWFS202",
      "module": "DEVOWFS_M204",
      "jour": "vendredi",
      "creneau": 4,
      "salle": "S19"
    },
    {
      "id": "S222_3",
      "formateur": "14159",
      "groupe": "DEVOWFS202",
      "module": "DEVOWFS_M204",
      "jour": "lundi",
      "creneau": 2,
      "salle": "S12"
    },
    {
      "id": "S224_0",
      "formateur": "14159",
      "groupe": "DEVOWFS203",
      "module": "DEVOWFS_M204",
      "jour": "mercredi",
      "creneau": 1,
      "salle": "S19"
    },
    {
      "id": "S224_1",
      "formateur": "14159",
      "groupe": "DEVOWFS203",
      "module": "DEVOWFS_M204",
      "jour": "lundi",
      "creneau": 3,
      "salle": "S19"
    },
    {
      "id": "S224_2",
      "formateur": "14159",
      "groupe": "DEVOWFS203",
      "module": "DEVOWFS_M204",
      "jour": "vendredi",
      "creneau": 2,
      "salle": "S19"
    },
    {
      "id": "S226_0",
      "formateur": "1985_1",
      "groupe": "COMPT201",
      "module": "COMPT_M202",
      "jour": "vendredi",
      "creneau": 3,
      "salle": "S14"
    },
    {
      "id": "S226_1",
      "formateur": "1985_1",
      "groupe": "COMPT201",
      "module": "COMPT_M202",
      "jour": "lundi",
      "creneau": 1,
      "salle": "S1"
    },
    {
      "id": "S226_2",
      "formateur": "1985_1",
      "groupe": "COMPT201",
      "module": "COMPT_M202",
      "jour": "jeudi",
      "creneau": 3,
      "salle": "S7"
    },
    {
      "id": "S226_3",
      "formateur": "1985_1",
      "groupe": "COMPT201",
      "module": "COMPT_M202",
      "jour": "samedi",
      "creneau": 3,
      "salle": "At TMMC"
    },
    {
      "id": "S227_0",
      "formateur": "1985_1",
      "groupe": "TCPS101",
      "module": "TCPS_M : TCS02",
      "jour": "mercredi",
      "creneau": 3,
      "salle": "conference"
    },
    {
      "id": "S228_0",
      "formateur": "1985_10",
      "groupe": "HB102",
      "module": "HB_M114",
      "jour": "jeudi",
      "creneau": 3,
      "salle": "At THP"
    },
    {
      "id": "S228_1",
      "formateur": "1985_10",
      "groupe": "HB102",
      "module": "HB_M114",
      "jour": "mardi",
      "creneau": 4,
      "salle": "At THP"
    },
    {
      "id": "S232_0",
      "formateur": "1985_11",
      "groupe": "AA104",
      "module": "AA_M102",
      "jour": "jeudi",
      "creneau": 2,
      "salle": "S8"
    },
    {
      "id": "S232_1",
      "formateur": "1985_11",
      "groupe": "AA104",
      "module": "AA_M102",
      "jour": "vendredi",
      "creneau": 1,
      "salle": "S1"
    },
    {
      "id": "S234_0",
      "formateur": "1985_11",
      "groupe": "AA105",
      "module": "AA_M102",
      "jour": "vendredi",
      "creneau": 2,
      "salle": "S1"
    },
    {
      "id": "S234_1",
      "formateur": "1985_11",
      "groupe": "AA105",
      "module": "AA_M102",
      "jour": "mardi",
      "creneau": 1,
      "salle": "S22"
    },
    {
      "id": "S236_0",
      "formateur": "1985_12",
      "groupe": "ID101",
      "module": "ID_M107",
      "jour": "mardi",
      "creneau": 3,
      "salle": "S5"
    },
    {
      "id": "S236_1",
      "formateur": "1985_12",
      "groupe": "ID101",
      "module": "ID_M107",
      "jour": "samedi",
      "creneau": 3,
      "salle": "S5"
    },
    {
      "id": "S238_0",
      "formateur": "1985_12",
      "groupe": "ID102",
      "module": "ID_M107",
      "jour": "samedi",
      "creneau": 2,
      "salle": "S8"
    },
    {
      "id": "S238_1",
      "formateur": "1985_12",
      "groupe": "ID102",
      "module": "ID_M107",
      "jour": "mardi",
      "creneau": 1,
      "salle": "S12"
    },
    {
      "id": "S240_0",
      "formateur": "1985_12",
      "groupe": "ID103",
      "module": "ID_M107",
      "jour": "vendredi",
      "creneau": 3,
      "salle": "S8"
    },
    {
      "id": "S240_1",
      "formateur": "1985_12",
      "groupe": "ID103",
      "module": "ID_M107",
      "jour": "mercredi",
      "creneau": 2,
      "salle": "S3"
    },
    {
      "id": "S242_0",
      "formateur": "1985_12",
      "groupe": "ID104",
      "module": "ID_M107",
      "jour": "jeudi",
      "creneau": 4,
      "salle": "S5"
    },
    {
      "id": "S242_1",
      "formateur": "1985_12",
      "groupe": "ID104",
      "module": "ID_M107",
      "jour": "mercredi",
      "creneau": 1,
      "salle": "S3"
    },
    {
      "id": "S244_0",
      "formateur": "1985_12",
      "groupe": "ID105",
      "module": "ID_M107",
      "jour": "mardi",
      "creneau": 4,
      "salle": "S8"
    },
    {
      "id": "S244_1",
      "formateur": "1985_12",
      "groupe": "ID105",
      "module": "ID_M107",
      "jour": "vendredi",
      "creneau": 2,
      "salle": "S5"
    },
    {
      "id": "S246_0",
      "formateur": "1985_13",
      "groupe": "GEOCF201",
      "module": "GEOCF_EGTSA206",
      "jour": "mardi",
      "creneau": 2,
      "salle": "S6"
    },
    {
      "id": "S247_0",
      "formateur": "1985_13",
      "groupe": "GEOCF201",
      "module": "GEOCF_M205",
      "jour": "samedi",
      "creneau": 2,
      "salle": "At Rep"
    },
    {
      "id": "S247_1",
      "formateur": "1985_13",
      "groupe": "GEOCF201",
      "module": "GEOCF_M205",
      "jour": "vendredi",
      "creneau": 3,
      "salle": "S6"
    },
    {
      "id": "S248_0",
      "formateur": "1985_13",
      "groupe": "GEOCF202",
      "module": "GEOCF_EGTSA206",
      "jour": "samedi",
      "creneau": 4,
      "salle": "S12"
    },
    {
      "id": "S249_0",
      "formateur": "1985_13",
      "groupe": "GEOCF203",
      "module": "GEOCF_M205",
      "jour": "jeudi",
      "creneau": 2,
      "salle": "S19"
    },
    {
      "id": "S249_1",
      "formateur": "1985_13",
      "groupe": "GEOCF203",
      "module": "GEOCF_M205",
      "jour": "vendredi",
      "creneau": 1,
      "salle": "S12"
    },
    {
      "id": "S250_0",
      "formateur": "1985_14",
      "groupe": "AA101",
      "module": "AA_EGT102",
      "jour": "mercredi",
      "creneau": 2,
      "salle": "S13"
    },
    {
      "id": "S251_0",
      "formateur": "1985_14",
      "groupe": "AA102",
      "module": "AA_EGT102",
      "jour": "mardi",
      "creneau": 3,
      "salle": "S18"
    },
    {
      "id": "S252_0",
      "formateur": "1985_14",
      "groupe": "GE105",
      "module": "GE_EGTS102",
      "jour": "mardi",
      "creneau": 4,
      "salle": "S6"
    },
    {
      "id": "S253_0",
      "formateur": "1985_14",
      "groupe": "GE106",
      "module": "GE_EGTS102",
      "jour": "lundi",
      "creneau": 2,
      "salle": "S2"
    },
    {
      "id": "S254_0",
      "formateur": "1985_15",
      "groupe": "DEV101",
      "module": "DEV_EGTS105",
      "jour": "lundi",
      "creneau": 2,
      "salle": "S19"
    },
    {
      "id": "S255_0",
      "formateur": "1985_15",
      "groupe": "DEV104",
      "module": "DEV_EGTS102",
      "jour": "lundi",
      "creneau": 3,
      "salle": "S20"
    },
    {
      "id": "S256_0",
      "formateur": "1985_15",
      "groupe": "DEVOWFS202",
      "module": "DEVOWFS_EGTS205",
      "jour": "mardi",
      "creneau": 1,
      "salle": "S15"
    },
    {
      "id": "S257_0",
      "formateur": "1985_15",
      "groupe": "DEVOWFS203",
      "module": "DEVOWFS_EGTS205",
      "jour": "vendredi",
      "creneau": 4,
      "salle": "S11"
    },
    {
      "id": "S258_0",
      "formateur": "1985_16",
      "groupe": "GEOCM201",
      "module": "GEOCM_M204",
      "jour": "samedi",
      "creneau": 2,
      "salle": "S12"
    },
    {
      "id": "S260_0",
      "formateur": "1985_16",
      "groupe": "GEOCM202",
      "module": "GEOCM_M204",
      "jour": "mardi",
      "creneau": 3,
      "salle": "S2"
    },
    {
      "id": "S262_0",
      "formateur": "1985_16",
      "groupe": "GEOCM203",
      "module": "GEOCM_M204",
      "jour": "mercredi",
      "creneau": 4,
      "salle": "S7"
    },
    {
      "id": "S262_1",
      "formateur": "1985_16",
      "groupe": "GEOCM203",
      "module": "GEOCM_M204",
      "jour": "mercredi",
      "creneau": 2,
      "salle": "S6"
    },
    {
      "id": "S264_0",
      "formateur": "1985_16",
      "groupe": "GEOCM204",
      "module": "GEOCM_M204",
      "jour": "vendredi",
      "creneau": 1,
      "salle": "S4"
    },
    {
      "id": "S264_1",
      "formateur": "1985_16",
      "groupe": "GEOCM204",
      "module": "GEOCM_M204",
      "jour": "lundi",
      "creneau": 3,
      "salle": "S12"
    },
    {
      "id": "S266_0",
      "formateur": "1985_17",
      "groupe": "COMPT201",
      "module": "COMPT_M205",
      "jour": "lundi",
      "creneau": 3,
      "salle": "S7"
    },
    {
      "id": "S266_1",
      "formateur": "1985_17",
      "groupe": "COMPT201",
      "module": "COMPT_M205",
      "jour": "jeudi",
      "creneau": 4,
      "salle": "S18"
    },
    {
      "id": "S267_0",
      "formateur": "1985_17",
      "groupe": "GEOCF201",
      "module": "GEOCF_M204",
      "jour": "vendredi",
      "creneau": 1,
      "salle": "S7"
    },
    {
      "id": "S268_0",
      "formateur": "1985_17",
      "groupe": "GEOCF202",
      "module": "GEOCF_M204",
      "jour": "jeudi",
      "creneau": 2,
      "salle": "S18"
    },
    {
      "id": "S269_0",
      "formateur": "1985_17",
      "groupe": "GEOCF203",
      "module": "GEOCF_M204",
      "jour": "mercredi",
      "creneau": 1,
      "salle": "S7"
    },
    {
      "id": "S270_0",
      "formateur": "1985_17",
      "groupe": "GEOOM201",
      "module": "GEOOM_M203",
      "jour": "samedi",
      "creneau": 4,
      "salle": "S18"
    },
    {
      "id": "S270_1",
      "formateur": "1985_17",
      "groupe": "GEOOM201",
      "module": "GEOOM_M203",
      "jour": "lundi",
      "creneau": 4,
      "salle": "At Mod"
    },
    {
      "id": "S271_0",
      "formateur": "1985_2",
      "groupe": "TMMC101",
      "module": "TMMC_M107",
      "jour": "lundi",
      "creneau": 4,
      "salle": "At TMMC"
    },
    {
      "id": "S272_0",
      "formateur": "1985_2",
      "groupe": "TMMC201",
      "module": "TMMC_M202",
      "jour": "samedi",
      "creneau": 1,
      "salle": "At TMMC"
    },
    {
      "id": "S273_0",
      "formateur": "1985_3",
      "groupe": "TCPS101",
      "module": "TCPS_M : TCS01",
      "jour": "lundi",
      "creneau": 1,
      "salle": "S2"
    },
    {
      "id": "S274_0",
      "formateur": "1985_4",
      "groupe": "AAOC201",
      "module": "AAOC_M203",
      "jour": "jeudi",
      "creneau": 1,
      "salle": "S14"
    },
    {
      "id": "S274_1",
      "formateur": "1985_4",
      "groupe": "AAOC201",
      "module": "AAOC_M203",
      "jour": "samedi",
      "creneau": 2,
      "salle": "S10"
    },
    {
      "id": "S275_0",
      "formateur": "1985_4",
      "groupe": "AAOC202",
      "module": "AAOC_M203",
      "jour": "vendredi",
      "creneau": 3,
      "salle": "S7"
    },
    {
      "id": "S275_1",
      "formateur": "1985_4",
      "groupe": "AAOC202",
      "module": "AAOC_M203",
      "jour": "mardi",
      "creneau": 1,
      "salle": "S7"
    },
    {
      "id": "S276_0",
      "formateur": "1985_4",
      "groupe": "AAOC203",
      "module": "AAOC_M203",
      "jour": "mercredi",
      "creneau": 4,
      "salle": "S10"
    },
    {
      "id": "S276_1",
      "formateur": "1985_4",
      "groupe": "AAOC203",
      "module": "AAOC_M203",
      "jour": "jeudi",
      "creneau": 2,
      "salle": "S14"
    },
    {
      "id": "S277_0",
      "formateur": "1985_4",
      "groupe": "AAOG201",
      "module": "AAOG_EGTS204",
      "jour": "mercredi",
      "creneau": 3,
      "salle": "S12"
    },
    {
      "id": "S278_0",
      "formateur": "1985_4",
      "groupe": "AAOG202",
      "module": "AAOG_EGT204",
      "jour": "lundi",
      "creneau": 3,
      "salle": "S2"
    },
    {
      "id": "S279_0",
      "formateur": "1985_4",
      "groupe": "GEOCM201",
      "module": "GEOCM_EGTS204",
      "jour": "lundi",
      "creneau": 4,
      "salle": "S16"
    },
    {
      "id": "S280_0",
      "formateur": "1985_4",
      "groupe": "GEOCM202",
      "module": "GEOCM_EGTS204",
      "jour": "samedi",
      "creneau": 1,
      "salle": "S10"
    },
    {
      "id": "S281_0",
      "formateur": "1985_4",
      "groupe": "GEOCM203",
      "module": "GEOCM_EGTS204",
      "jour": "vendredi",
      "creneau": 4,
      "salle": "S2"
    },
    {
      "id": "S282_0",
      "formateur": "1985_4",
      "groupe": "GEOCM204",
      "module": "GEOCM_EGTS204",
      "jour": "mardi",
      "creneau": 2,
      "salle": "S7"
    },
    {
      "id": "S283_0",
      "formateur": "1985_5",
      "groupe": "HB101",
      "module": "HB_M103",
      "jour": "mercredi",
      "creneau": 4,
      "salle": "At THP"
    },
    {
      "id": "S284_0",
      "formateur": "1985_5",
      "groupe": "HB102",
      "module": "HB_M103",
      "jour": "vendredi",
      "creneau": 4,
      "salle": "At Rep"
    },
    {
      "id": "S285_0",
      "formateur": "1985_5",
      "groupe": "THI101",
      "module": "THI_M103",
      "jour": "mercredi",
      "creneau": 3,
      "salle": "At Rep"
    },
    {
      "id": "S286_0",
      "formateur": "1985_5",
      "groupe": "THI101",
      "module": "THI_M106",
      "jour": "lundi",
      "creneau": 2,
      "salle": "At Rep"
    },
    {
      "id": "S287_0",
      "formateur": "1985_5",
      "groupe": "THI201",
      "module": "THI_M201",
      "jour": "jeudi",
      "creneau": 3,
      "salle": "At Rep"
    },
    {
      "id": "S287_1",
      "formateur": "1985_5",
      "groupe": "THI201",
      "module": "THI_M201",
      "jour": "jeudi",
      "creneau": 2,
      "salle": "At Rep"
    },
    {
      "id": "S288_0",
      "formateur": "1985_5",
      "groupe": "THP201",
      "module": "THP_M201",
      "jour": "samedi",
      "creneau": 4,
      "salle": "At Rep"
    },
    {
      "id": "S289_0",
      "formateur": "1985_5",
      "groupe": "TMI201",
      "module": "TMI_M205",
      "jour": "samedi",
      "creneau": 3,
      "salle": "At Rep"
    },
    {
      "id": "S291_0",
      "formateur": "1985_5",
      "groupe": "TMI202",
      "module": "TMI_M205",
      "jour": "lundi",
      "creneau": 3,
      "salle": "At Rep"
    },
    {
      "id": "S293_0",
      "formateur": "1985_6",
      "groupe": "AAOC201",
      "module": "AAOC_M204",
      "jour": "lundi",
      "creneau": 2,
      "salle": "S3"
    },
    {
      "id": "S295_0",
      "formateur": "1985_6",
      "groupe": "AAOC202",
      "module": "AAOC_M204",
      "jour": "mardi",
      "creneau": 3,
      "salle": "S3"
    },
    {
      "id": "S297_0",
      "formateur": "1985_6",
      "groupe": "AAOC203",
      "module": "AAOC_M204",
      "jour": "jeudi",
      "creneau": 3,
      "salle": "S3"
    },
    {
      "id": "S299_0",
      "formateur": "1985_6",
      "groupe": "AAOG201",
      "module": "AAOG_M204",
      "jour": "vendredi",
      "creneau": 2,
      "salle": "S3"
    },
    {
      "id": "S300_0",
      "formateur": "1985_6",
      "groupe": "AAOG202",
      "module": "AAOG_M204",
      "jour": "mercredi",
      "creneau": 3,
      "salle": "S3"
    },
    {
      "id": "S301_0",
      "formateur": "1985_6",
      "groupe": "COMPT301",
      "module": "COMPT_M306",
      "jour": "lundi",
      "creneau": 3,
      "salle": "S3"
    },
    {
      "id": "S302_0",
      "formateur": "1985_6",
      "groupe": "GE103",
      "module": "GE_M104",
      "jour": "samedi",
      "creneau": 3,
      "salle": "S3"
    },
    {
      "id": "S302_1",
      "formateur": "1985_6",
      "groupe": "GE103",
      "module": "GE_M104",
      "jour": "samedi",
      "creneau": 4,
      "salle": "S3"
    },
    {
      "id": "S304_0",
      "formateur": "1985_6",
      "groupe": "GEOCM203",
      "module": "GEOCM_M 210",
      "jour": "vendredi",
      "creneau": 1,
      "salle": "S3"
    },
    {
      "id": "S305_0",
      "formateur": "1985_6",
      "groupe": "GEOCM204",
      "module": "GEOCM_M 210",
      "jour": "mardi",
      "creneau": 4,
      "salle": "S3"
    },
    {
      "id": "S306_0",
      "formateur": "1985_7",
      "groupe": "TCPS102",
      "module": "TCPS_M : TCS01",
      "jour": "samedi",
      "creneau": 3,
      "salle": "S12"
    },
    {
      "id": "S307_0",
      "formateur": "1985_7",
      "groupe": "TCPS102",
      "module": "TCPS_M : TCS02",
      "jour": "mercredi",
      "creneau": 2,
      "salle": "S14"
    },
    {
      "id": "S308_0",
      "formateur": "1985_8",
      "groupe": "AA101",
      "module": "AA_M103",
      "jour": "mercredi",
      "creneau": 3,
      "salle": "S16"
    },
    {
      "id": "S308_1",
      "formateur": "1985_8",
      "groupe": "AA101",
      "module": "AA_M103",
      "jour": "vendredi",
      "creneau": 2,
      "salle": "S20"
    },
    {
      "id": "S310_0",
      "formateur": "1985_8",
      "groupe": "AA102",
      "module": "AA_M103",
      "jour": "samedi",
      "creneau": 3,
      "salle": "S18"
    },
    {
      "id": "S310_1",
      "formateur": "1985_8",
      "groupe": "AA102",
      "module": "AA_M103",
      "jour": "lundi",
      "creneau": 2,
      "salle": "S9"
    },
    {
      "id": "S312_0",
      "formateur": "1985_8",
      "groupe": "GE101",
      "module": "GE_M102",
      "jour": "samedi",
      "creneau": 4,
      "salle": "S9"
    },
    {
      "id": "S313_0",
      "formateur": "1985_8",
      "groupe": "GE102",
      "module": "GE_M102",
      "jour": "mardi",
      "creneau": 3,
      "salle": "S9"
    },
    {
      "id": "S314_0",
      "formateur": "1985_8",
      "groupe": "GE103",
      "module": "GE_M102",
      "jour": "jeudi",
      "creneau": 2,
      "salle": "S20"
    },
    {
      "id": "S315_0",
      "formateur": "1985_8",
      "groupe": "GE105",
      "module": "GE_M104",
      "jour": "mercredi",
      "creneau": 4,
      "salle": "S2"
    },
    {
      "id": "S315_1",
      "formateur": "1985_8",
      "groupe": "GE105",
      "module": "GE_M104",
      "jour": "jeudi",
      "creneau": 4,
      "salle": "S7"
    },
    {
      "id": "S317_0",
      "formateur": "1985_8",
      "groupe": "GE106",
      "module": "GE_M104",
      "jour": "lundi",
      "creneau": 3,
      "salle": "S18"
    },
    {
      "id": "S317_1",
      "formateur": "1985_8",
      "groupe": "GE106",
      "module": "GE_M104",
      "jour": "vendredi",
      "creneau": 1,
      "salle": "S2"
    },
    {
      "id": "S319_0",
      "formateur": "1985_9",
      "groupe": "AAOG201",
      "module": "AAOG_M208",
      "jour": "mercredi",
      "creneau": 2,
      "salle": "S2"
    },
    {
      "id": "S320_0",
      "formateur": "1985_9",
      "groupe": "AAOG202",
      "module": "AAOG_M208",
      "jour": "mardi",
      "creneau": 1,
      "salle": "S9"
    },
    {
      "id": "S321_0",
      "formateur": "1985_9",
      "groupe": "GE104",
      "module": "GE_M105",
      "jour": "vendredi",
      "creneau": 4,
      "salle": "S9"
    },
    {
      "id": "S323_0",
      "formateur": "1985_9",
      "groupe": "GE105",
      "module": "GE_M105",
      "jour": "lundi",
      "creneau": 4,
      "salle": "S15"
    },
    {
      "id": "S325_0",
      "formateur": "1985_9",
      "groupe": "GE106",
      "module": "GE_M105",
      "jour": "jeudi",
      "creneau": 4,
      "salle": "S2"
    },
    {
      "id": "S325_1",
      "formateur": "1985_9",
      "groupe": "GE106",
      "module": "GE_M105",
      "jour": "samedi",
      "creneau": 2,
      "salle": "S18"
    },
    {
      "id": "S327_0",
      "formateur": "1985_9",
      "groupe": "HB101",
      "module": "HB_EGTA106",
      "jour": "lundi",
      "creneau": 2,
      "salle": "S22"
    },
    {
      "id": "S327_1",
      "formateur": "1985_9",
      "groupe": "HB101",
      "module": "HB_EGTA106",
      "jour": "lundi",
      "creneau": 1,
      "salle": "At Rep"
    },
    {
      "id": "S328_0",
      "formateur": "1985_9",
      "groupe": "THI101",
      "module": "THI_EGTSA106",
      "jour": "vendredi",
      "creneau": 2,
      "salle": "S9"
    },
    {
      "id": "S328_1",
      "formateur": "1985_9",
      "groupe": "THI101",
      "module": "THI_EGTSA106",
      "jour": "mercredi",
      "creneau": 4,
      "salle": "S9"
    },
    {
      "id": "S329_0",
      "formateur": "7497",
      "groupe": "AA101",
      "module": "AA_ M106",
      "jour": "mercredi",
      "creneau": 1,
      "salle": "S9"
    },
    {
      "id": "S330_0",
      "formateur": "7497",
      "groupe": "AA102",
      "module": "AA_EGTA106",
      "jour": "lundi",
      "creneau": 1,
      "salle": "S9"
    },
    {
      "id": "S331_0",
      "formateur": "7497",
      "groupe": "AA103",
      "module": "AA_EGTA106",
      "jour": "vendredi",
      "creneau": 4,
      "salle": "conference"
    },
    {
      "id": "S331_1",
      "formateur": "7497",
      "groupe": "AA103",
      "module": "AA_EGTA106",
      "jour": "mardi",
      "creneau": 2,
      "salle": "S1"
    },
    {
      "id": "S332_0",
      "formateur": "7497",
      "groupe": "AA104",
      "module": "AA_EGTA106",
      "jour": "mardi",
      "creneau": 3,
      "salle": "S6"
    },
    {
      "id": "S333_0",
      "formateur": "7497",
      "groupe": "AA105",
      "module": "AA_EGTA106",
      "jour": "vendredi",
      "creneau": 1,
      "salle": "S6"
    },
    {
      "id": "S334_0",
      "formateur": "7497",
      "groupe": "AAOC201",
      "module": "AAOC_M205",
      "jour": "vendredi",
      "creneau": 3,
      "salle": "S12"
    },
    {
      "id": "S335_0",
      "formateur": "7497",
      "groupe": "AAOC202",
      "module": "AAOC_M205",
      "jour": "jeudi",
      "creneau": 2,
      "salle": "S7"
    },
    {
      "id": "S336_0",
      "formateur": "7497",
      "groupe": "AAOC203",
      "module": "AAOC_M205",
      "jour": "jeudi",
      "creneau": 1,
      "salle": "S9"
    },
    {
      "id": "S340_0",
      "formateur": "7497",
      "groupe": "HB103",
      "module": "HB_EGTA106",
      "jour": "samedi",
      "creneau": 3,
      "salle": "S2"
    },
    {
      "id": "S341_0",
      "formateur": "8403",
      "groupe": "HB101",
      "module": "HB_M107",
      "jour": "samedi",
      "creneau": 3,
      "salle": "At THP"
    },
    {
      "id": "S341_1",
      "formateur": "8403",
      "groupe": "HB101",
      "module": "HB_M107",
      "jour": "jeudi",
      "creneau": 2,
      "salle": "At THP"
    },
    {
      "id": "S341_2",
      "formateur": "8403",
      "groupe": "HB101",
      "module": "HB_M107",
      "jour": "mardi",
      "creneau": 3,
      "salle": "At THP"
    },
    {
      "id": "S342_0",
      "formateur": "8403",
      "groupe": "HB102",
      "module": "HB_M107",
      "jour": "lundi",
      "creneau": 3,
      "salle": "At THP"
    },
    {
      "id": "S342_1",
      "formateur": "8403",
      "groupe": "HB102",
      "module": "HB_M107",
      "jour": "mercredi",
      "creneau": 3,
      "salle": "At THP"
    },
    {
      "id": "S342_2",
      "formateur": "8403",
      "groupe": "HB102",
      "module": "HB_M107",
      "jour": "lundi",
      "creneau": 1,
      "salle": "At THP"
    },
    {
      "id": "S342_3",
      "formateur": "8403",
      "groupe": "HB102",
      "module": "HB_M107",
      "jour": "mardi",
      "creneau": 1,
      "salle": "At THP"
    },
    {
      "id": "S343_0",
      "formateur": "8403",
      "groupe": "THI101",
      "module": "THI_M107",
      "jour": "samedi",
      "creneau": 4,
      "salle": "At THP"
    },
    {
      "id": "S343_1",
      "formateur": "8403",
      "groupe": "THI101",
      "module": "THI_M107",
      "jour": "vendredi",
      "creneau": 4,
      "salle": "At THP"
    },
    {
      "id": "S343_2",
      "formateur": "8403",
      "groupe": "THI101",
      "module": "THI_M107",
      "jour": "vendredi",
      "creneau": 1,
      "salle": "At Rep"
    },
    {
      "id": "S344_0",
      "formateur": "8403",
      "groupe": "THI201",
      "module": "THI_M202",
      "jour": "jeudi",
      "creneau": 4,
      "salle": "At THP"
    },
    {
      "id": "S344_1",
      "formateur": "8403",
      "groupe": "THI201",
      "module": "THI_M202",
      "jour": "vendredi",
      "creneau": 3,
      "salle": "At THP"
    },
    {
      "id": "S345_0",
      "formateur": "8539",
      "groupe": "GE101",
      "module": "GE_M101",
      "jour": "samedi",
      "creneau": 3,
      "salle": "S9"
    },
    {
      "id": "S346_0",
      "formateur": "8539",
      "groupe": "GE101",
      "module": "GE_M104",
      "jour": "lundi",
      "creneau": 1,
      "salle": "S6"
    },
    {
      "id": "S346_1",
      "formateur": "8539",
      "groupe": "GE101",
      "module": "GE_M104",
      "jour": "jeudi",
      "creneau": 1,
      "salle": "S6"
    },
    {
      "id": "S348_0",
      "formateur": "8539",
      "groupe": "GE102",
      "module": "GE_M101",
      "jour": "mercredi",
      "creneau": 3,
      "salle": "S6"
    },
    {
      "id": "S349_0",
      "formateur": "8539",
      "groupe": "GE102",
      "module": "GE_M104",
      "jour": "samedi",
      "creneau": 4,
      "salle": "S2"
    },
    {
      "id": "S349_1",
      "formateur": "8539",
      "groupe": "GE102",
      "module": "GE_M104",
      "jour": "vendredi",
      "creneau": 1,
      "salle": "S9"
    },
    {
      "id": "S354_0",
      "formateur": "8741",
      "groupe": "AA101",
      "module": "AA_M105",
      "jour": "lundi",
      "creneau": 2,
      "salle": "S17"
    },
    {
      "id": "S356_0",
      "formateur": "8741",
      "groupe": "AA102",
      "module": "AA_M105",
      "jour": "vendredi",
      "creneau": 4,
      "salle": "S13"
    },
    {
      "id": "S358_0",
      "formateur": "8741",
      "groupe": "AA103",
      "module": "AA_M105",
      "jour": "samedi",
      "creneau": 2,
      "salle": "S2"
    },
    {
      "id": "S360_0",
      "formateur": "8741",
      "groupe": "AA104",
      "module": "AA_M105",
      "jour": "vendredi",
      "creneau": 3,
      "salle": "S13"
    },
    {
      "id": "S362_0",
      "formateur": "8741",
      "groupe": "AA105",
      "module": "AA_M105",
      "jour": "jeudi",
      "creneau": 4,
      "salle": "S6"
    },
    {
      "id": "S364_0",
      "formateur": "8741",
      "groupe": "AAOG202",
      "module": "AAOG_M205",
      "jour": "jeudi",
      "creneau": 2,
      "salle": "S2"
    },
    {
      "id": "S365_0",
      "formateur": "8741",
      "groupe": "GEOOM201",
      "module": "GEOOM_M206",
      "jour": "mardi",
      "creneau": 1,
      "salle": "S6"
    },
    {
      "id": "S366_0",
      "formateur": "D121187",
      "groupe": "HB101",
      "module": "HB_M109",
      "jour": "jeudi",
      "creneau": 1,
      "salle": "At CI"
    },
    {
      "id": "S366_1",
      "formateur": "D121187",
      "groupe": "HB101",
      "module": "HB_M109",
      "jour": "lundi",
      "creneau": 3,
      "salle": "At Mod"
    },
    {
      "id": "S367_0",
      "formateur": "D121187",
      "groupe": "HB102",
      "module": "HB_M109",
      "jour": "vendredi",
      "creneau": 3,
      "salle": "At CI"
    },
    {
      "id": "S368_0",
      "formateur": "D121187",
      "groupe": "HB103",
      "module": "HB_M109",
      "jour": "samedi",
      "creneau": 4,
      "salle": "At CI"
    },
    {
      "id": "S369_0",
      "formateur": "D121187",
      "groupe": "THI201",
      "module": "THI_M205",
      "jour": "samedi",
      "creneau": 3,
      "salle": "At CI"
    },
    {
      "id": "S369_1",
      "formateur": "D121187",
      "groupe": "THI201",
      "module": "THI_M205",
      "jour": "mercredi",
      "creneau": 3,
      "salle": "At CI"
    },
    {
      "id": "S370_0",
      "formateur": "D121187",
      "groupe": "THP201",
      "module": "THP_M205",
      "jour": "vendredi",
      "creneau": 4,
      "salle": "At CI"
    },
    {
      "id": "S370_1",
      "formateur": "D121187",
      "groupe": "THP201",
      "module": "THP_M205",
      "jour": "lundi",
      "creneau": 2,
      "salle": "At Mod"
    },
    {
      "id": "S370_2",
      "formateur": "D121187",
      "groupe": "THP201",
      "module": "THP_M205",
      "jour": "jeudi",
      "creneau": 2,
      "salle": "At Mod"
    },
    {
      "id": "S372_0",
      "formateur": "D143887",
      "groupe": "HB101",
      "module": "HB_M104",
      "jour": "jeudi",
      "creneau": 4,
      "salle": "At Mod"
    },
    {
      "id": "S372_1",
      "formateur": "D143887",
      "groupe": "HB101",
      "module": "HB_M104",
      "jour": "vendredi",
      "creneau": 1,
      "salle": "At CI"
    },
    {
      "id": "S373_0",
      "formateur": "D143887",
      "groupe": "HB102",
      "module": "HB_M104",
      "jour": "jeudi",
      "creneau": 2,
      "salle": "At CI"
    },
    {
      "id": "S373_1",
      "formateur": "D143887",
      "groupe": "HB102",
      "module": "HB_M104",
      "jour": "mercredi",
      "creneau": 2,
      "salle": "At Mod"
    },
    {
      "id": "S374_0",
      "formateur": "D143887",
      "groupe": "TMI201",
      "module": "TMI_M201",
      "jour": "lundi",
      "creneau": 3,
      "salle": "At CI"
    },
    {
      "id": "S374_1",
      "formateur": "D143887",
      "groupe": "TMI201",
      "module": "TMI_M201",
      "jour": "samedi",
      "creneau": 2,
      "salle": "At Mod"
    },
    {
      "id": "S375_0",
      "formateur": "D143887",
      "groupe": "TMI202",
      "module": "TMI_M201",
      "jour": "mercredi",
      "creneau": 3,
      "salle": "At Mod"
    },
    {
      "id": "S375_1",
      "formateur": "D143887",
      "groupe": "TMI202",
      "module": "TMI_M201",
      "jour": "vendredi",
      "creneau": 3,
      "salle": "At Mod"
    },
    {
      "id": "S376_0",
      "formateur": "D143887",
      "groupe": "TMMC101",
      "module": "TMMC_M106",
      "jour": "samedi",
      "creneau": 4,
      "salle": "At TMMC"
    },
    {
      "id": "S378_0",
      "formateur": "D145987",
      "groupe": "AA101",
      "module": "AA_EGT103",
      "jour": "lundi",
      "creneau": 3,
      "salle": "S9"
    },
    {
      "id": "S379_0",
      "formateur": "D145987",
      "groupe": "AA103",
      "module": "AA_EGT103",
      "jour": "lundi",
      "creneau": 2,
      "salle": "S6"
    },
    {
      "id": "S380_0",
      "formateur": "D145987",
      "groupe": "AAOG201",
      "module": "AAOG_EGT203",
      "jour": "jeudi",
      "creneau": 2,
      "salle": "S6"
    },
    {
      "id": "S381_0",
      "formateur": "D145987",
      "groupe": "AAOG202",
      "module": "AAOG_EGT203",
      "jour": "vendredi",
      "creneau": 4,
      "salle": "S6"
    },
    {
      "id": "S382_0",
      "formateur": "D145987",
      "groupe": "GE103",
      "module": "GE_EGTS103",
      "jour": "samedi",
      "creneau": 2,
      "salle": "S9"
    },
    {
      "id": "S383_0",
      "formateur": "D145987",
      "groupe": "GE104",
      "module": "GE_EGTS103",
      "jour": "vendredi",
      "creneau": 3,
      "salle": "S2"
    },
    {
      "id": "S384_0",
      "formateur": "D145987",
      "groupe": "GE105",
      "module": "GE_EGTS103",
      "jour": "samedi",
      "creneau": 3,
      "salle": "S6"
    },
    {
      "id": "S385_0",
      "formateur": "D145987",
      "groupe": "GE106",
      "module": "GE_EGTS103",
      "jour": "mercredi",
      "creneau": 1,
      "salle": "S6"
    },
    {
      "id": "S386_0",
      "formateur": "D161271",
      "groupe": "DEVOWFS201",
      "module": "DEVOWFS_M202",
      "jour": "lundi",
      "creneau": 2,
      "salle": "S15"
    },
    {
      "id": "S386_1",
      "formateur": "D161271",
      "groupe": "DEVOWFS201",
      "module": "DEVOWFS_M202",
      "jour": "mercredi",
      "creneau": 2,
      "salle": "S15"
    },
    {
      "id": "S386_2",
      "formateur": "D161271",
      "groupe": "DEVOWFS201",
      "module": "DEVOWFS_M202",
      "jour": "jeudi",
      "creneau": 3,
      "salle": "S15"
    },
    {
      "id": "S388_0",
      "formateur": "D161271",
      "groupe": "DEVOWFS202",
      "module": "DEVOWFS_M202",
      "jour": "mardi",
      "creneau": 4,
      "salle": "S15"
    },
    {
      "id": "S388_1",
      "formateur": "D161271",
      "groupe": "DEVOWFS202",
      "module": "DEVOWFS_M202",
      "jour": "lundi",
      "creneau": 1,
      "salle": "S15"
    },
    {
      "id": "S388_2",
      "formateur": "D161271",
      "groupe": "DEVOWFS202",
      "module": "DEVOWFS_M202",
      "jour": "samedi",
      "creneau": 4,
      "salle": "S15"
    },
    {
      "id": "S390_0",
      "formateur": "D161271",
      "groupe": "DEVOWFS203",
      "module": "DEVOWFS_M202",
      "jour": "jeudi",
      "creneau": 1,
      "salle": "S15"
    },
    {
      "id": "S390_1",
      "formateur": "D161271",
      "groupe": "DEVOWFS203",
      "module": "DEVOWFS_M202",
      "jour": "samedi",
      "creneau": 2,
      "salle": "S15"
    },
    {
      "id": "S390_2",
      "formateur": "D161271",
      "groupe": "DEVOWFS203",
      "module": "DEVOWFS_M202",
      "jour": "vendredi",
      "creneau": 3,
      "salle": "S15"
    },
    {
      "id": "S392_0",
      "formateur": "D304508",
      "groupe": "HB103",
      "module": "HB_M104",
      "jour": "mercredi",
      "creneau": 3,
      "salle": "S22"
    },
    {
      "id": "S392_1",
      "formateur": "D304508",
      "groupe": "HB103",
      "module": "HB_M104",
      "jour": "jeudi",
      "creneau": 4,
      "salle": "At CI"
    },
    {
      "id": "S392_2",
      "formateur": "D304508",
      "groupe": "HB103",
      "module": "HB_M104",
      "jour": "vendredi",
      "creneau": 2,
      "salle": "At Mod"
    },
    {
      "id": "S392_3",
      "formateur": "D304508",
      "groupe": "HB103",
      "module": "HB_M104",
      "jour": "mercredi",
      "creneau": 2,
      "salle": "At CI"
    },
    {
      "id": "S393_0",
      "formateur": "D304508",
      "groupe": "TMI201",
      "module": "TMI_M203",
      "jour": "lundi",
      "creneau": 2,
      "salle": "At CI"
    },
    {
      "id": "S393_1",
      "formateur": "D304508",
      "groupe": "TMI201",
      "module": "TMI_M203",
      "jour": "mardi",
      "creneau": 1,
      "salle": "S2"
    },
    {
      "id": "S394_0",
      "formateur": "D304508",
      "groupe": "TMI202",
      "module": "TMI_M203",
      "jour": "mardi",
      "creneau": 2,
      "salle": "At CI"
    },
    {
      "id": "S394_1",
      "formateur": "D304508",
      "groupe": "TMI202",
      "module": "TMI_M203",
      "jour": "vendredi",
      "creneau": 4,
      "salle": "At Mod"
    },
    {
      "id": "S394_2",
      "formateur": "D304508",
      "groupe": "TMI202",
      "module": "TMI_M203",
      "jour": "lundi",
      "creneau": 1,
      "salle": "At CI"
    },
    {
      "id": "S394_3",
      "formateur": "D304508",
      "groupe": "TMI202",
      "module": "TMI_M203",
      "jour": "jeudi",
      "creneau": 1,
      "salle": "S11"
    },
    {
      "id": "S395_0",
      "formateur": "D49474",
      "groupe": "TMMC101",
      "module": "TMMC_M102",
      "jour": "samedi",
      "creneau": 2,
      "salle": "At TMMC"
    },
    {
      "id": "S395_1",
      "formateur": "D49474",
      "groupe": "TMMC101",
      "module": "TMMC_M102",
      "jour": "vendredi",
      "creneau": 1,
      "salle": "At TMMC"
    },
    {
      "id": "S397_0",
      "formateur": "D49474",
      "groupe": "TMMC201",
      "module": "TMMC_M201",
      "jour": "lundi",
      "creneau": 1,
      "salle": "At TMMC"
    },
    {
      "id": "S397_1",
      "formateur": "D49474",
      "groupe": "TMMC201",
      "module": "TMMC_M201",
      "jour": "mardi",
      "creneau": 2,
      "salle": "At TMMC"
    },
    {
      "id": "S397_2",
      "formateur": "D49474",
      "groupe": "TMMC201",
      "module": "TMMC_M201",
      "jour": "lundi",
      "creneau": 3,
      "salle": "At TMMC"
    },
    {
      "id": "S397_3",
      "formateur": "D49474",
      "groupe": "TMMC201",
      "module": "TMMC_M201",
      "jour": "vendredi",
      "creneau": 3,
      "salle": "At TMMC"
    },
    {
      "id": "S399_0",
      "formateur": "D618126",
      "groupe": "DEV101",
      "module": "DEV_EGTS102",
      "jour": "mardi",
      "creneau": 3,
      "salle": "S15"
    },
    {
      "id": "S400_0",
      "formateur": "D618126",
      "groupe": "DEV102",
      "module": "DEV_EGTS102",
      "jour": "lundi",
      "creneau": 4,
      "salle": "S20"
    },
    {
      "id": "S401_0",
      "formateur": "D618126",
      "groupe": "DEV103",
      "module": "DEV_EGTS102",
      "jour": "mardi",
      "creneau": 1,
      "salle": "S20"
    },
    {
      "id": "S402_0",
      "formateur": "D618126",
      "groupe": "DEV104",
      "module": "DEV_EGTS102",
      "jour": "mardi",
      "creneau": 2,
      "salle": "S21"
    },
    {
      "id": "S403_0",
      "formateur": "UC3690",
      "groupe": "DEVOAM201",
      "module": "DEVOAM_M201",
      "jour": "jeudi",
      "creneau": 1,
      "salle": "S19"
    },
    {
      "id": "S403_1",
      "formateur": "UC3690",
      "groupe": "DEVOAM201",
      "module": "DEVOAM_M201",
      "jour": "mercredi",
      "creneau": 4,
      "salle": "S19"
    },
    {
      "id": "S403_2",
      "formateur": "UC3690",
      "groupe": "DEVOAM201",
      "module": "DEVOAM_M201",
      "jour": "samedi",
      "creneau": 4,
      "salle": "S19"
    },
    {
      "id": "S403_3",
      "formateur": "UC3690",
      "groupe": "DEVOAM201",
      "module": "DEVOAM_M201",
      "jour": "samedi",
      "creneau": 3,
      "salle": "S19"
    },
    {
      "id": "S403_4",
      "formateur": "UC3690",
      "groupe": "DEVOAM201",
      "module": "DEVOAM_M201",
      "jour": "jeudi",
      "creneau": 3,
      "salle": "S19"
    },
    {
      "id": "S405_0",
      "formateur": "UC3690",
      "groupe": "DEVOAM202",
      "module": "DEVOAM_M201",
      "jour": "vendredi",
      "creneau": 3,
      "salle": "S19"
    },
    {
      "id": "S405_1",
      "formateur": "UC3690",
      "groupe": "DEVOAM202",
      "module": "DEVOAM_M201",
      "jour": "mercredi",
      "creneau": 2,
      "salle": "S19"
    },
    {
      "id": "S405_2",
      "formateur": "UC3690",
      "groupe": "DEVOAM202",
      "module": "DEVOAM_M201",
      "jour": "mardi",
      "creneau": 4,
      "salle": "S19"
    },
    {
      "id": "S405_3",
      "formateur": "UC3690",
      "groupe": "DEVOAM202",
      "module": "DEVOAM_M201",
      "jour": "vendredi",
      "creneau": 1,
      "salle": "S19"
    },
    {
      "id": "S405_4",
      "formateur": "UC3690",
      "groupe": "DEVOAM202",
      "module": "DEVOAM_M201",
      "jour": "mardi",
      "creneau": 2,
      "salle": "S19"
    },
    {
      "id": "S407_0",
      "formateur": "V30169",
      "groupe": "AAOC201",
      "module": "AAOC_M201",
      "jour": "mardi",
      "creneau": 3,
      "salle": "S7"
    },
    {
      "id": "S409_0",
      "formateur": "V30169",
      "groupe": "AAOC202",
      "module": "AAOC_M201",
      "jour": "jeudi",
      "creneau": 4,
      "salle": "S13"
    },
    {
      "id": "S411_0",
      "formateur": "V30169",
      "groupe": "AAOC203",
      "module": "AAOC_M201",
      "jour": "mardi",
      "creneau": 4,
      "salle": "S7"
    },
    {
      "id": "S413_0",
      "formateur": "V30169",
      "groupe": "GEOOM201",
      "module": "GEOOM_EGTS204",
      "jour": "samedi",
      "creneau": 3,
      "salle": "S20"
    },
    {
      "id": "S414_0",
      "formateur": "V30169",
      "groupe": "IDOCC201",
      "module": "IDOCC_EGTS204",
      "jour": "samedi",
      "creneau": 2,
      "salle": "S6"
    },
    {
      "id": "S415_0",
      "formateur": "V30169",
      "groupe": "IDOCC202",
      "module": "IDOCC_EGTS204",
      "jour": "vendredi",
      "creneau": 3,
      "salle": "S9"
    },
    {
      "id": "S416_0",
      "formateur": "V30169",
      "groupe": "IDOSR201",
      "module": "IDOSR_EGTS204",
      "jour": "lundi",
      "creneau": 3,
      "salle": "S6"
    },
    {
      "id": "S417_0",
      "formateur": "V30169",
      "groupe": "IDOSR202",
      "module": "IDOSR_EGTS204",
      "jour": "jeudi",
      "creneau": 3,
      "salle": "S10"
    },
    {
      "id": "S418_0",
      "formateur": "V30169",
      "groupe": "IDOSR203",
      "module": "IDOSR_EGTS204",
      "jour": "jeudi",
      "creneau": 2,
      "salle": "S9"
    },
    {
      "id": "SES_1769031845_bd8e7de0",
      "formateur": "14017",
      "groupe": "DEV102",
      "module": "DEV_M104",
      "jour": "vendredi",
      "creneau": 3,
      "salle": "S21"
    },
    {
      "id": "SES_1769218131_ca213e85",
      "formateur": "14017",
      "groupe": "DEV102",
      "module": "DEVM102",
      "jour": "lundi",
      "creneau": 2,
      "salle": "S21"
    },
    {
      "id": "SES_1769371673_74ac921f",
      "formateur": "14017",
      "groupe": "DEV101_DEV102_DEV106",
      "module": "DEVM102",
      "jour": "mardi",
      "creneau": 1,
      "salle": "TEAMS"
    },
    {
      "id": "SES_1769459005_497ce385",
      "formateur": "13155",
      "groupe": "DEVOAM201_DEVOAM202",
      "module": "DEVOWFSM101",
      "jour": "samedi",
      "creneau": 1,
      "salle": "TEAMS"
    },
    {
      "id": "SES_1769600410_d96bb0e7",
      "formateur": "14017",
      "groupe": "DEV103",
      "module": "DEVM103",
      "jour": "samedi",
      "creneau": 4,
      "salle": "S21"
    }
  ]
}